Палм-Спрингс;Comedy, Fantasy, Mystery
Бедное сердце;Comedy, Drama, Romance
Евровидение: История группы Fire Saga;Comedy, Music
Будка поцелуев 2;Comedy, Romance
Пацаны;Action, Comedy, Crime
Офис;Comedy
Сообщество;Comedy
Лузеры;Comedy, Drama, Music
Академия Амбрелла;Action, Adventure, Comedy
Достать ножи;Comedy, Crime, Drama
Bill & Ted Face the Music;Comedy, Music, Sci-Fi
Горячие мамочки;Comedy
Друзья;Comedy, Romance
Форс-мажоры;Comedy, Drama
Северяне;Comedy
Шиттс Крик;Comedy
Роковой патруль;Action, Adventure, Comedy
Джентльмены;Action, Comedy, Crime
Американская семейка;Comedy, Drama, Romance
Во тьме;Comedy, Drama
Теория большого взрыва;Comedy, Romance
Однажды в... Голливуде;Comedy, Drama
The F**k-It List;Comedy
Бруклин 9-9;Comedy, Crime
Новенькая;Comedy
Парки и зоны отдыха;Comedy
Паразиты;Comedy, Drama, Thriller
Будка поцелуев;Comedy, Romance
Три билборда на границе Эббинга, Миссури;Comedy, Crime, Drama
Бесстыжие;Comedy, Drama
Бестолковая;Comedy, Romance
Как я встретил вашу маму;Comedy, Romance
Как продавать наркотики онлайн (быстро);Comedy, Crime, Drama
Скотт Пилигрим против всех;Action, Comedy, Fantasy
Ясновидец;Comedy, Crime, Mystery
Отчаянная;Comedy, Romance
Кости;Comedy, Crime, Drama
Рик и Морти;Animation, Adventure, Comedy
Девочки Гилмор;Comedy, Drama
Назад в будущее;Adventure, Comedy, Sci-Fi
Тролли. Мировой тур;Animation, Adventure, Comedy
Скуби-ду;Animation, Adventure, Comedy
В Филадельфии всегда солнечно;Comedy
Мёртв для меня;Comedy, Drama
Джуманджи: Новый уровень;Action, Adventure, Comedy
Вивариум;Comedy, Horror, Mystery
Ясновидец 2: Ласси возвращается домой;Comedy, Crime, Mystery
Чем мы занимаемся в тени;Comedy, Fantasy, Horror
Это мы;Comedy, Drama, Romance
Сайнфелд;Comedy
Два с половиной человека;Comedy, Romance
Король Стейтен-Айленда;Comedy, Drama
Политик;Comedy, Drama
Великая;Biography, Comedy, Drama
Половое воспитание;Comedy, Drama
Симпсоны;Animation, Comedy
Клуб нянек;Comedy, Drama, Family
Клиника;Comedy, Drama
Легенда о Корре;Animation, Action, Adventure
Великолепный мистер Данди;Comedy
Пушки Акимбо;Action, Comedy, Thriller
Крепкий Харт;Action, Comedy, Thriller
Космические войска;Comedy
Холодное сердце 2;Animation, Adventure, Comedy
Truth Seekers;Comedy, Horror
Кролик Джоджо;Comedy, Drama, War
Зои Харт из южного штата;Comedy, Drama, Romance
Little Voice;Comedy, Drama, Music
Оранжевый - хит сезона;Comedy, Crime, Drama
Моана;Animation, Adventure, Comedy
Как знать...;Comedy, Drama, Romance
Ангелы Чарли;Action, Adventure, Comedy
Загрузка;Comedy, Mystery, Sci-Fi
Не та девушка;Comedy, Romance
Шоу 70-х;Comedy, Romance
A Nice Girl Like You;Comedy, Romance
Плохие парни навсегда;Action, Comedy, Crime
В лучшем мире;Comedy, Drama, Fantasy
Невероятная миссис Мэйзел;Comedy, Drama
Я иду искать;Comedy, Horror, Mystery
Конь БоДжек;Animation, Comedy, Drama
Вместе мы - ух, сила;Comedy
Замедленное развитие;Comedy
Смерть в раю;Comedy, Crime, Drama
Балбесы;Adventure, Comedy, Family
Princess Bride;Short, Comedy, Fantasy
Гриффины;Animation, Comedy
Чувствуй ритм;Comedy, Drama, Family
Южный парк;Animation, Comedy
Yes, God, Yes;Comedy, Drama
Аэроплан!;Comedy
Касл;Comedy, Crime, Drama
Дэдпул;Action, Adventure, Comedy
Тор: Рагнарёк;Action, Adventure, Comedy
Мой шпион;Action, Comedy, Family
Большой Лебовски;Comedy, Crime, Sport
Стриптизёрши;Comedy, Crime, Drama
Почти знаменит;Adventure, Comedy, Drama
Умерь свой энтузиазм;Comedy
Бесстыдники;Comedy, Crime, Drama
